time,seconds_elapsed,z,y,x
1714858335739202800,0.080202880859375,9.314641952514648,4.653729438781738,0.26096799969673157
1714858335749173200,0.09017333984375,9.549273490905762,4.854842662811279,0.5051765441894531
1714858335759122700,0.100122802734375,9.367314338684082,5.017648220062256,0.4381389021873474
1714858335769072000,0.110072021484375,8.93156909942627,5.084685802459717,0.1843535304069519
1714858335779021600,0.120021484375,8.605957984924316,5.180453777313232,-0.05985504388809204
1714858335788971000,0.129970947265625,8.270770072937012,5.252279758453369,-0.33758243918418884
1714858335798920400,0.13992041015625,8.088809967041016,5.247491359710693,-0.5051765441894531
1714858335808870000,0.149869873046875,8.242039680480957,5.209184169769287,-0.5386953949928284
1714858335818819300,0.1598193359375,8.447940826416016,5.10383939743042,-0.5147533416748047
1714858335828768800,0.169768798828125,8.69214916229248,5.01285982131958,-0.30885201692581177
1714858335838718200,0.17971826171875,8.826224327087402,4.993706226348877,-0.035913024097681046
1714858335848667600,0.189667724609375,8.610746383666992,5.008071422576904,0.18914192914962769
1714858335858617000,0.1996171875,8.213309288024902,5.084685802459717,0.30885201692581177
1714858335868566300,0.209566162109375,7.8541789054870605,5.204395771026611,0.33279404044151306
1714858335878515700,0.219515625,7.657854080200195,5.261856555938721,0.24660277366638184
1714858335888465200,0.229465087890625,7.509413719177246,5.204395771026611,0.031124621629714966
1714858335898414600,0.23941455078125,7.4567413330078125,5.1565117835998535,-0.18914192914962769
1714858335908364000,0.249364013671875,7.4998369216918945,5.237914562225342,-0.3758896589279175
1714858335918313500,0.2593134765625,7.600393295288086,5.32889461517334,-0.4381389021873474
1714858335928263000,0.269262939453125,7.724891662597656,5.32889461517334,-0.3519476354122162
1714858335938212400,0.27921240234375,7.892486095428467,5.257068157196045,-0.3280056416988373
1714858335948161800,0.289161865234375,8.151060104370117,5.218760967254639,-0.4572925269603729
1714858335958111200,0.299111328125,8.356961250305176,5.170876979827881,-0.44771572947502136
1714858335968060700,0.309060791015625,8.38569164276123,5.108627796173096,-0.17477671802043915
1714858335978010000,0.319010009765625,8.127118110656738,5.075109004974365,0.14604631066322327
1714858335987959600,0.32895947265625,7.8541789054870605,5.1565117835998535,0.2849099934101105
1714858335997909000,0.338908935546875,7.844601631164551,5.333683013916016,0.13168109953403473
1714858336007858400,0.3488583984375,8.055291175842285,5.4677581787109375,-0.1412578970193863
1714858336017808000,0.358807861328125,8.151060104370117,5.45339298248291,-0.33758243918418884
1714858336027757300,0.36875732421875,8.242039680480957,5.395932197570801,-0.4141969084739685
1714858336037706800,0.378706787109375,8.371326446533203,5.41987419128418,-0.42377370595932007
1714858336047656200,0.38865625,8.47667121887207,5.348048210144043,-0.2753331959247589
1714858336057605600,0.398605712890625,8.538920402526855,5.146934986114502,0.05506663769483566
1714858336067554800,0.408554931640625,8.562862396240234,4.926668643951416,0.33758243918418884
1714858336077504300,0.418504150390625,8.38569164276123,4.720767021179199,0.5195417404174805
1714858336087454000,0.428453857421875,8.10317611694336,4.581903457641602,0.44771572947502136
1714858336097403400,0.4384033203125,8.055291175842285,4.672883033752441,0.14604631066322327
1714858336107352800,0.448352783203125,8.246828079223633,4.931457042694092,-0.13168109953403473
1714858336117302300,0.45830224609375,8.582015991210938,5.017648220062256,-0.4668693244457245
1714858336127251700,0.468251708984375,9.051279067993164,4.8500542640686035,-0.6775590777397156
1714858336137201200,0.478201171875,9.908403396606445,4.739920616149902,-0.5291185975074768
1714858336147150600,0.488150634765625,10.779892921447754,4.66330623626709,-0.2849099934101105
1714858336157100300,0.498100341796875,11.258733749389648,4.423886299133301,-0.2082955539226532
1714858336167049700,0.5080498046875,11.239580154418945,4.294599533081055,-0.05985504388809204
1714858336176999200,0.517999267578125,10.621875762939453,4.318541526794434,-0.20350714027881622
1714858336186948600,0.527948486328125,9.692925453186035,4.48134708404541,-0.5147533416748047
1714858336196898000,0.53789794921875,8.754398345947266,4.8309006690979,-0.47165772318840027
1714858336206847500,0.547847412109375,7.988254070281982,4.840477466583252,0.002394201699644327
1714858336216797200,0.557797119140625,8.146271705627441,4.725555419921875,0.7445967197418213
1714858336226746600,0.56774658203125,8.653841972351074,4.8931498527526855,1.357512354850769
1714858336236696000,0.577696044921875,8.78312873840332,5.0032830238342285,1.7118542194366455
1714858336246645500,0.5876455078125,8.481459617614746,4.974552631378174,1.8076223134994507
1714858336256595000,0.597594970703125,8.208520889282227,4.859631061553955,1.8938134908676147
1714858336266544400,0.60754443359375,8.074444770812988,4.653729438781738,1.6496049165725708
1714858336276493800,0.617493896484375,7.849390506744385,4.553173065185547,0.8978256583213806
1714858336286443500,0.627443603515625,7.495048522949219,4.557961463928223,-0.16519992053508759
1714858336296393000,0.63739306640625,7.475894927978516,4.773439407348633,-0.8930372595787048
1714858336306342400,0.64734228515625,7.734468460083008,4.8931498527526855,-1.1324573755264282
1714858336316291800,0.657291748046875,8.184578895568848,4.591480255126953,-1.0414776802062988
1714858336326241300,0.6672412109375,8.591592788696289,4.529231071472168,-0.5291185975074768
1714858336336190700,0.677190673828125,8.586804389953613,4.500500679016113,-0.16519992053508759
1714858336346140400,0.687140380859375,8.079233169555664,3.954622745513916,-0.4620809257030487
1714858336356089900,0.69708984375,7.437587738037109,3.6960489749908447,-0.9648633003234863
1714858336366039300,0.707039306640625,7.174225330352783,3.619434356689453,-1.7741034030914307
1714858336375988700,0.71698876953125,7.906851291656494,3.087921619415283,-2.6839001178741455
1714858336385938200,0.726938232421875,8.433575630187988,3.0639796257019043,-3.6750996112823486
1714858336395887600,0.7368876953125,7.677007675170898,2.7958290576934814,-4.479551315307617
1714858336405837000,0.746837158203125,6.460753440856934,2.5037364959716797,-3.9432501792907715
1714858336415786800,0.756786865234375,5.7089738845825195,2.982576847076416,-4.091690540313721
1714858336425736200,0.766736083984375,5.30195951461792,3.8061821460723877,-4.474762916564941
1714858336435685600,0.776685546875,4.880579948425293,4.122216701507568,-4.575319290161133
1714858336445635000,0.786635009765625,4.77044677734375,3.8732197284698486,-4.469974517822266
1714858336455584500,0.79658447265625,5.852625846862793,2.9107506275177,-3.4596214294433594
1714858336465534000,0.806533935546875,8.299500465393066,2.010530948638916,-2.3535003662109375
1714858336475483600,0.816483642578125,10.229227066040039,1.632246971130371,-1.778891921043396
1714858336485433000,0.82643310546875,11.953051567077637,2.0248961448669434,-2.7700912952423096
1714858336495382500,0.836382568359375,15.86038875579834,3.5476083755493164,-3.7612907886505127
1714858336505332000,0.84633203125,17.383100509643555,4.409521102905273,-3.6559460163116455
1714858336515281400,0.856281494140625,16.13332748413086,4.308964729309082,-2.4588451385498047
1714858336525230800,0.86623095703125,13.590685844421387,3.686472177505493,-1.764526605606079
1714858336535180300,0.87618017578125,10.564414978027344,3.15974760055542,-2.5498247146606445
1714858336545130000,0.8861298828125,7.978677272796631,3.6337995529174805,-1.9704279899597168
1714858336555079400,0.896079345703125,4.780023574829102,4.294599533081055,-1.6304513216018677
1714858336565028900,0.90602880859375,1.6148890256881714,4.629787445068359,-3.2824504375457764
1714858336574978300,0.915978271484375,3.8510735034942627,3.839700937271118,-5.772420406341553
1714858336584927700,0.925927734375,5.507861137390137,2.115875720977783,-9.196128845214844
1714858336594877200,0.935877197265625,5.474342346191406,4.586691856384277,-3.2824504375457764
1714858336604827000,0.945826904296875,12.173318862915039,6.487688064575195,4.28322696685791
1714858336614776300,0.9557763671875,13.241132736206055,5.927444934844971,7.132327079772949
1714858336624725800,0.965725830078125,11.230003356933594,3.935469150543213,6.189011573791504
1714858336634675200,0.97567529296875,10.981005668640137,1.4502876996994019,4.417302131652832
1714858336644624600,0.985624755859375,12.211626052856445,1.0001777410507202,2.9664158821105957
1714858336654574000,0.995573974609375,14.409502983093262,2.580350875854492,2.300827741622925
1714858336664523500,1.0055234375,14.476540565490723,4.0982747077941895,1.3527239561080933
1714858336674473200,1.01547314453125,11.828553199768066,3.820547342300415,-0.011971008032560349
1714858336684422700,1.025422607421875,9.118317604064941,3.0974984169006348,-1.0462661981582642
1714858336694372000,1.0353720703125,7.667430877685547,3.4326868057250977,-1.3239935636520386
1714858336704321500,1.045321533203125,7.332242488861084,4.155735492706299,-1.7932571172714233
1714858336714271000,1.05527099609375,7.408857345581055,4.2515034675598145,-1.8555063009262085
1714858336724220400,1.065220458984375,7.1454949378967285,3.782240152359009,-1.314416766166687
1714858336734170000,1.075170166015625,6.867767810821533,3.50930118560791,-0.2992752194404602
1714858336744119600,1.08511962890625,7.097610950469971,3.7630865573883057,1.4389152526855469
1714858336754069000,1.095069091796875,7.81108283996582,4.1413702964782715,3.023876667022705
1714858336764018400,1.105018310546875,8.38569164276123,4.294599533081055,3.9432501792907715
1714858336773968000,1.1149677734375,9.276334762573242,4.471770286560059,4.5609540939331055
1714858336783917300,1.124917236328125,10.190919876098633,4.323329925537109,3.8379054069519043
1714858336793866800,1.13486669921875,11.071986198425293,3.5907039642333984,1.4772224426269531
1714858336803816400,1.14481640625,11.909955978393555,3.3081881999969482,-0.24660277366638184
1714858336813766000,1.154765869140625,12.125434875488281,3.1645359992980957,-0.6057330369949341
1714858336823715300,1.16471533203125,11.41675090789795,3.183689594268799,0.36152446269989014
1714858336833664800,1.174664794921875,9.223662376403809,3.1741127967834473,2.27209734916687
1714858336843614200,1.1846142578125,7.988254070281982,3.451840400695801,3.957615375518799
1714858336853563600,1.194563720703125,7.269993305206299,3.9402575492858887,4.522646903991699
1714858336863513300,1.204513427734375,7.6099700927734375,4.083909511566162,4.110844135284424
1714858336873462800,1.214462890625,8.419210433959961,4.634575843811035,3.0190882682800293
1714858336883412200,1.224412109375,8.921992301940918,5.1996073722839355,1.3910311460494995
1714858336893361700,1.234361572265625,7.552509307861328,5.290587425231934,0.026336219161748886
1714858336903311000,1.24431103515625,4.832695960998535,5.400720596313477,-1.05105459690094
1714858336913260500,1.254260498046875,3.2094273567199707,5.300164222717285,-2.094926595687866
1714858336923210000,1.2642099609375,3.1088709831237793,4.998494625091553,-2.4396915435791016
1714858336933159700,1.27415966796875,3.487154722213745,5.7790045738220215,-1.2617442607879639
1714858336943109000,1.284109130859375,4.124012470245361,6.214748859405518,0.20350714027881622
1714858336953058600,1.29405859375,4.8470611572265625,5.9753289222717285,0.5482721924781799
1714858336963008000,1.304008056640625,5.6227827072143555,5.458181381225586,0.13168109953403473
1714858336972957400,1.31395751953125,7.193378925323486,5.032013416290283,0.5770025849342346
1714858336982907000,1.323906982421875,9.908403396606445,4.845265865325928,1.1755530834197998
1714858336992856600,1.333856689453125,11.651382446289062,4.16531229019165,1.0031704902648926
1714858337002806000,1.343805908203125,11.646594047546387,3.8827965259552,0.7206547260284424
1714858337012755500,1.35375537109375,11.124658584594727,4.443039894104004,0.8882488012313843
1714858337022705000,1.363704833984375,10.229227066040039,4.931457042694092,1.290474772453308
1714858337032654300,1.373654296875,8.965087890625,5.01285982131958,1.501164436340332
1714858337042603800,1.383603759765625,8.093599319458008,4.92188024520874,1.2282254695892334
1714858337052553200,1.39355322265625,7.81108283996582,4.859631061553955,0.8259995579719543
1714858337062503000,1.4035029296875,7.758410453796387,4.773439407348633,0.8738836050033569
1714858337072452400,1.413452392578125,8.989029884338379,4.950610637664795,1.0893617868423462
1714858337082401800,1.42340185546875,10.578780174255371,5.276222229003906,1.5059528350830078
1714858337092351200,1.433351318359375,10.96664047241211,5.075109004974365,2.1954829692840576
1714858337102300700,1.44330078125,10.023324966430664,4.859631061553955,2.9951462745666504
1714858337112250000,1.45325,9.113529205322266,4.969764232635498,2.9903578758239746
1714858337122199600,1.463199462890625,9.228450775146484,5.051167011260986,2.3343467712402344
1714858337132149200,1.473149169921875,9.439140319824219,4.92188024520874,1.137245774269104
1714858337142098700,1.4830986328125,10.119093894958496,5.242702960968018,0.45250412821769714
1714858337152048000,1.493048095703125,11.14381217956543,5.429450988769531,-0.2561795711517334
1714858337161997600,1.50299755859375,12.135011672973633,5.515642166137695,-0.4429273009300232
1714858337171947000,1.512947021484375,12.565967559814453,4.845265865325928,-0.8690952062606812
1714858337181896400,1.522896484375,10.483012199401855,4.48134708404541,0.21787235140800476
1714858337191846100,1.53284619140625,7.480683326721191,5.084685802459717,2.387019157409668
1714858337201795600,1.542795654296875,6.446388244628906,4.768651008605957,2.7461493015289307
1714858337211745000,1.5527451171875,6.226121425628662,4.25629186630249,2.2864625453948975
1714858337221694500,1.562694580078125,6.384139060974121,4.466981887817383,1.745373010635376
1714858337231644000,1.572643798828125,6.944382190704346,4.304176330566406,0.9744400978088379
1714858337241593300,1.58259326171875,7.15507173538208,5.142146587371826,1.6496049165725708
1714858337251542800,1.592542724609375,7.825448036193848,5.2235493659973145,0.5722141861915588
1714858337261492500,1.602492431640625,8.543708801269531,4.601057052612305,0.0071826050989329815
1714858337271442000,1.61244189453125,9.348160743713379,3.8827965259552,-0.2992752194404602
1714858337281391400,1.622391357421875,9.673771858215332,4.725555419921875,0.9744400978088379
1714858337291340800,1.6323408203125,9.558850288391113,4.75428581237793,0.8259995579719543
1714858337301290200,1.642290283203125,9.02254867553711,4.323329925537109,-0.09816227108240128
1714858337311239700,1.65223974609375,8.663418769836426,3.8157589435577393,-0.6727706789970398
1714858337321189400,1.662189453125,8.467094421386719,3.8109705448150635,-0.524330198764801
1714858337331138800,1.672138916015625,7.940370082855225,4.265868663787842,0.035913024097681046
1714858337341088300,1.682088134765625,7.1885905265808105,4.591480255126953,0.2992752194404602
1714858337351037700,1.69203759765625,6.317101001739502,4.6489410400390625,0.05985504388809204
1714858337360987100,1.701987060546875,5.886145114898682,4.591480255126953,-0.22744916379451752
1714858337370936600,1.7119365234375,6.336254596710205,4.462193489074707,-0.7206547260284424
1714858337380886000,1.721885986328125,7.0593037605285645,4.644152641296387,-0.47644615173339844
1714858337390835700,1.731835693359375,7.638700485229492,4.730343818664551,-0.1173158809542656
1714858337400785200,1.74178515625,8.835801124572754,4.519654273986816,-0.2561795711517334
1714858337410734600,1.751734619140625,10.899602890014648,4.280233860015869,-1.0606313943862915
1714858337420684000,1.76168408203125,12.053608894348145,3.9498343467712402,-1.8411411046981812
1714858337430633500,1.771633544921875,12.326547622680664,3.6337995529174805,-1.802833914756775
1714858337440583000,1.7815830078125,12.60427474975586,3.7678749561309814,-1.338358759880066
1714858337450532600,1.79153271484375,12.570755958557129,3.691260576248169,-1.0654197931289673
1714858337460482000,1.80148193359375,11.976993560791016,3.5188779830932617,-0.9361328482627869
1714858337470431500,1.811431396484375,10.918756484985352,3.6960489749908447,-1.036689281463623
1714858337480381000,1.821380859375,9.635464668273926,3.8109705448150635,-1.5107412338256836
1714858337490330400,1.831330322265625,8.582015991210938,3.8109705448150635,-2.0853497982025146
1714858337500279800,1.84127978515625,8.098387718200684,3.9833531379699707,-2.296039342880249
1714858337510229200,1.851229248046875,8.433575630187988,4.136581897735596,-2.27209734916687
1714858337520179000,1.861178955078125,9.170989990234375,4.213196277618408,-2.4636335372924805
1714858337530128400,1.87112841796875,9.070432662963867,4.2993879318237305,-2.1523873805999756
1714858337540077800,1.881077880859375,8.529343605041504,4.237138271331787,-1.4053963422775269
1714858337550027300,1.89102734375,8.222886085510254,3.959411144256592,-0.9696516990661621
1714858337559976700,1.900976806640625,8.141483306884766,3.887584924697876,-0.8307880163192749
1714858337569926100,1.910926025390625,7.902062892913818,3.978564739227295,-0.7589619159698486
1714858337579875800,1.920875732421875,7.830236434936523,3.8492777347564697,-0.8212111592292786
1714858337589825300,1.9308251953125,7.9643120765686035,3.8588545322418213,-1.0845733880996704
1714858337599774700,1.940774658203125,7.978677272796631,3.9833531379699707,-1.1755530834197998
1714858337609724200,1.95072412109375,7.820659637451172,4.021660327911377,-1.1037269830703735
1714858337619673600,1.960673583984375,8.002618789672852,4.04081392288208,-0.9696516990661621
1714858337629623000,1.970623046875,8.462306022644043,4.1844658851623535,-0.8403648138046265
1714858337639572500,1.980572509765625,8.87410831451416,4.328118324279785,-0.6057330369949341
1714858337649522200,1.990522216796875,8.78312873840332,4.35684871673584,-0.0071826050989329815
1714858337659471600,2.0004716796875,8.596381187438965,4.198831081390381,0.6344634294509888
1714858337669421000,2.010421142578125,8.960299491882324,4.170100688934326,1.1324573755264282
1714858337679370500,2.02037060546875,9.376891136169434,4.203619480133057,1.4676456451416016
1714858337689320000,2.03031982421875,9.827000617980957,4.170100688934326,1.4532804489135742
1714858337699269400,2.040269287109375,10.305841445922852,4.0982747077941895,1.3192051649093628
1714858337709219000,2.050218994140625,10.320206642150879,4.122216701507568,1.5538369417190552
1714858337719168500,2.06016845703125,10.535684585571289,4.0312371253967285,1.4389152526855469
1714858337729118000,2.070117919921875,11.076774597167969,3.9258923530578613,1.314416766166687
1714858337739067400,2.0800673828125,11.23479175567627,3.753509759902954,1.7262194156646729
1714858337749016800,2.090016845703125,11.162965774536133,3.75829815864563,2.3056161403656006
1714858337758966300,2.09996630859375,11.21084976196289,3.9163153171539307,2.4875755310058594
1714858337768915700,2.109915771484375,10.985794067382812,4.136581897735596,2.1715409755706787
1714858337778865400,2.119865478515625,10.334571838378906,4.232349872589111,0.9792284965515137
1714858337788814800,2.12981494140625,9.78869342803955,4.241926670074463,-0.6919242739677429
1714858337798764300,2.139764404296875,9.156624794006348,4.265868663787842,-1.414973258972168
1714858337808713700,2.149713623046875,8.333019256591797,4.510077476501465,-1.3958195447921753
1714858337818663200,2.1596630859375,7.150283336639404,4.586691856384277,-1.036689281463623
1714858337828612600,2.169612548828125,6.628347396850586,4.510077476501465,-0.7445967197418213
1714858337838562300,2.179562255859375,6.968324184417725,4.562749862670898,-0.629675030708313
1714858337848511700,2.18951171875,7.107187747955322,4.8309006690979,-0.4812345504760742
1714858337858461200,2.199461181640625,7.4567413330078125,4.897938251495361,-0.8403648138046265
1714858337868410600,2.20941064453125,8.548497200012207,4.57232666015625,-2.2864625453948975
1714858337878360000,2.219360107421875,8.773551940917969,4.653729438781738,-2.9041666984558105
1714858337888309500,2.2293095703125,7.557297706604004,4.328118324279785,-3.047818660736084
1714858337898259000,2.239259033203125,6.111199855804443,4.352060317993164,-1.941697597503662
1714858337908208600,2.249208740234375,4.875791549682617,4.897938251495361,-0.5530605912208557
1714858337918158000,2.259157958984375,4.856637954711914,4.744709014892578,-0.17956513166427612
1714858337928107500,2.269107421875,6.259640216827393,4.361637115478516,-0.8212111592292786
1714858337938057000,2.279056884765625,7.672219276428223,4.04081392288208,-1.357512354850769
1714858337948006400,2.28900634765625,8.481459617614746,3.935469150543213,-1.2234370708465576
1714858337957955800,2.298955810546875,8.797493934631348,4.490923881530762,-0.7637503147125244
1714858337967905300,2.3089052734375,8.562862396240234,4.677671432495117,-1.0845733880996704
1714858337977855000,2.31885498046875,8.088809967041016,4.596268653869629,-1.3862427473068237
1714858337987804400,2.328804443359375,7.4998369216918945,4.873996257781982,-1.4437036514282227
1714858337997753900,2.33875390625,6.455965042114258,5.127781391143799,-1.4197616577148438
1714858338007703300,2.348703369140625,4.990713596343994,5.185242176055908,-1.280897855758667
1714858338017652700,2.35865283203125,3.70742130279541,5.295375823974609,-0.9169792532920837
1714858338027602200,2.368602294921875,3.2525229454040527,5.22833776473999,-1.5298948287963867
1714858338037551900,2.3785517578125,3.6308069229125977,5.1996073722839355,-1.8794482946395874
1714858338047501300,2.388501220703125,4.066551685333252,5.3576250076293945,-1.2617442607879639
1714858338057450800,2.39845068359375,4.334702014923096,5.333683013916016,-0.42856210470199585
1714858338067400200,2.408400146484375,4.64594841003418,5.127781391143799,0.15083470940589905
1714858338077349600,2.418349609375,5.517437934875488,4.974552631378174,0.19871874153614044
1714858338087299000,2.428299072265625,6.618770599365234,4.931457042694092,0.10295066982507706
1714858338097248500,2.43824853515625,7.4998369216918945,4.859631061553955,-0.3280056416988373
1714858338107198200,2.4481982421875,8.232462882995605,4.9601874351501465,-0.9409212470054626
1714858338117147600,2.458147705078125,8.888473510742188,5.151723384857178,-1.6065093278884888
1714858338127097000,2.46809716796875,9.228450775146484,5.290587425231934,-1.3479355573654175
1714858338137046500,2.478046630859375,9.046490669250488,4.988917827606201,-0.6488286852836609
1714858338146996000,2.487995849609375,8.208520889282227,4.466981887817383,-0.48602294921875
1714858338156945400,2.4979453125,6.930016994476318,4.4526166915893555,0.05027823522686958
1714858338166895000,2.50789501953125,6.115988254547119,4.840477466583252,0.8547300100326538
1714858338176844500,2.517844482421875,6.350619792938232,5.0703206062316895,0.811634361743927
1714858338186794000,2.5277939453125,6.657077789306641,5.10383939743042,0.13168109953403473
1714858338196743400,2.537743408203125,6.695384979248047,5.324106216430664,-0.19393034279346466
1714858338206692900,2.54769287109375,6.781576156616211,5.22833776473999,-0.2322375625371933
1714858338216642300,2.557642333984375,7.6530656814575195,5.01285982131958,-0.2801215946674347
1714858338226591700,2.567591796875,8.93156909942627,4.964975833892822,-0.4908113479614258
1714858338236541400,2.57754150390625,9.894038200378418,5.089474201202393,-0.4141969084739685
1714858338246491000,2.587490966796875,10.075998306274414,5.3576250076293945,0.0933738648891449
1714858338256440300,2.5974404296875,9.99459457397461,5.290587425231934,0.6200982332229614
1714858338266389800,2.6073896484375,9.850942611694336,5.348048210144043,1.2713210582733154
1714858338276339200,2.617339111328125,10.047266960144043,5.683236122131348,1.9033904075622559
1714858338286288600,2.62728857421875,10.224438667297363,5.989694118499756,2.166752576828003
1714858338296238300,2.63723828125,9.913191795349121,6.142922878265381,1.8363527059555054
1714858338306187800,2.647187744140625,8.730456352233887,6.382343292236328,1.2952631711959839
1714858338316137200,2.65713720703125,7.260416507720947,6.712742805480957,1.0223240852355957
1714858338326086700,2.667086669921875,8.380903244018555,6.9473748207092285,0.6584054827690125
1714858338336036000,2.6770361328125,9.238027572631836,6.664858818054199,-0.27054479718208313
1714858338345985500,2.686985595703125,9.53969669342041,7.48846435546875,0.849941611289978
1714858338355935000,2.69693505859375,9.946710586547852,8.087015151977539,1.8507179021835327
1714858338365884700,2.706884765625,10.7511625289917,7.885901927947998,2.367865562438965
1714858338375834000,2.716834228515625,12.120646476745605,7.033565998077393,2.1571757793426514
1714858338385783600,2.726783447265625,13.040019989013672,7.004835605621338,2.6216509342193604
1714858338395733000,2.73673291015625,12.982558250427246,7.134122371673584,2.784456491470337
1714858338405682400,2.746682373046875,12.221202850341797,7.000047206878662,2.315192937850952
1714858338415632000,2.7566318359375,11.637017250061035,6.942586421966553,1.6160861253738403
1714858338425581600,2.76658154296875,11.349713325500488,7.0144124031066895,0.849941611289978
1714858338435531000,2.776531005859375,11.05283260345459,7.076661586761475,0.021547814831137657
1714858338445480400,2.78648046875,10.248380661010742,6.92343282699585,-0.7158663272857666
1714858338455430000,2.796429931640625,9.7791166305542,6.099827289581299,-1.802833914756775
1714858338465379300,2.80637939453125,9.568427085876465,6.372766494750977,-0.9409212470054626
1714858338475328800,2.816328857421875,8.653841972351074,6.856395244598389,0.26096799969673157
1714858338485278200,2.8262783203125,7.226897716522217,6.616974830627441,0.8068459630012512
1714858338495228000,2.836227783203125,6.4846954345703125,6.276998519897461,0.8930372595787048
1714858338505177300,2.84617724609375,6.728903770446777,5.956175327301025,0.4908113479614258
1714858338515126800,2.856126708984375,7.973888874053955,5.520430564880371,0.07422025501728058
1714858338525076200,2.866076171875,9.625887870788574,5.22833776473999,0.1843535304069519
1714858338535025700,2.876025634765625,10.286687850952148,5.079897403717041,0.6967126727104187
1714858338544975000,2.88597509765625,10.008959770202637,4.8500542640686035,1.0223240852355957
1714858338554924800,2.8959248046875,9.35773754119873,4.567538261413574,1.1324573755264282
1714858338564874200,2.905874267578125,8.869319915771484,4.462193489074707,0.6967126727104187
1714858338574823700,2.91582373046875,8.701725959777832,4.534019470214844,-0.026336219161748886
1714858338584773400,2.9257734375,8.538920402526855,4.79738187789917,-0.6967126727104187
1714858338594722800,2.935722900390625,8.232462882995605,4.869207859039307,-1.0127472877502441
1714858338604672500,2.945672607421875,7.873332500457764,4.69682502746582,-1.0319008827209473
1714858338614622000,2.9556220703125,7.322665691375732,4.591480255126953,-0.8834604024887085
1714858338624571400,2.9655712890625,6.728903770446777,4.668094635009766,-0.811634361743927
1714858338634521000,2.97552099609375,6.264428615570068,4.744709014892578,-0.8068459630012512
1714858338644470500,2.985470458984375,5.924452304840088,4.854842662811279,-0.9026140570640564
1714858338654420000,2.995419921875,5.847837448120117,5.065532207489014,-1.1037269830703735
1714858338664369700,3.00536962890625,6.489483833312988,5.2235493659973145,-1.534683346748352
1714858338674319000,3.015319091796875,7.3418192863464355,5.099050998687744,-1.644816517829895
1714858338684268500,3.0252685546875,8.093599319458008,4.926668643951416,-1.1899182796478271
1714858338694218200,3.03521826171875,8.40963363647461,4.907515048980713,-0.9888052940368652
1714858338704167700,3.045167724609375,8.524555206298828,5.027225017547607,-0.8403648138046265
1714858338714117000,3.0551171875,8.615534782409668,5.051167011260986,-0.6248866319656372
1714858338724066800,3.06506689453125,8.835801124572754,5.051167011260986,-0.524330198764801
1714858338734016300,3.075016357421875,9.113529205322266,5.161300182342529,-0.5003881454467773
1714858338743965700,3.084965576171875,9.309853553771973,5.486911773681641,-0.3423708379268646
1714858338753915400,3.094915283203125,9.410409927368164,5.817311763763428,0.031124621629714966
1714858338763864800,3.10486474609375,9.151836395263672,5.9753289222717285,0.24181437492370605
1714858338773814500,3.114814453125,8.720879554748535,6.07588529586792,-0.36152446269989014
1714858338783764000,3.124763916015625,8.165425300598145,6.013636112213135,-1.6496049165725708
1714858338793713400,3.13471337890625,7.724891662597656,6.037578105926514,-2.6791117191314697
1714858338803663000,3.1446630859375,7.542932510375977,6.478111267089844,-2.9472622871398926
1714858338813612500,3.154612548828125,7.614758491516113,6.765415668487549,-2.540247917175293
1714858338823562000,3.16456201171875,7.830236434936523,6.5930328369140625,-1.8507179021835327
1714858338833511700,3.17451171875,7.978677272796631,6.310517311096191,-1.1563993692398071
1714858338843461000,3.184461181640625,7.744045257568359,6.1716532707214355,-0.5099649429321289
1714858338853410600,3.19441064453125,7.56208610534668,6.0854620933532715,-0.2801215946674347
1714858338863360300,3.2043603515625,7.605181694030762,6.066308498382568,-0.6775590777397156
1714858338873309700,3.214309814453125,8.021772384643555,5.970540523529053,-1.4245500564575195
1714858338883259100,3.224259033203125,8.845377922058105,5.63535213470459,-2.363077163696289
1714858338893208600,3.23420849609375,9.285911560058594,5.400720596313477,-2.7126305103302
1714858338903158000,3.244157958984375,9.046490669250488,5.405508995056152,-2.233790159225464
1714858338913107500,3.254107421875,8.117541313171387,5.376778602600098,-1.5538369417190552
1714858338923057000,3.264056884765625,7.360973358154297,5.1134161949157715,-1.6879122257232666
1714858338933006600,3.274006591796875,7.174225330352783,4.854842662811279,-2.1811177730560303
1714858338942956000,3.2839560546875,7.049726963043213,4.629787445068359,-2.2242133617401123
1714858338952905500,3.293905517578125,6.824671745300293,4.428674697875977,-1.86508309841156
1714858338962855000,3.30385498046875,6.709750175476074,4.328118324279785,-1.4676456451416016
1714858338972804400,3.313804443359375,7.092822551727295,4.016871929168701,-1.2713210582733154
1714858338982753800,3.32375390625,7.906851291656494,3.6960489749908447,-1.0606313943862915
1714858338992703500,3.333703369140625,8.605957984924316,3.753509759902954,-0.6871358752250671
1714858339002653000,3.34365283203125,9.094375610351562,3.9211037158966064,-0.524330198764801
1714858339012602400,3.353602294921875,9.659406661987305,3.8923733234405518,-0.8978256583213806
1714858339022551800,3.3635517578125,10.530896186828613,3.7439329624176025,-2.1523873805999756
1714858339032501200,3.373501220703125,10.612298965454102,3.8588545322418213,-2.7126305103302
1714858339042450700,3.38345068359375,10.291476249694824,3.911526918411255,-2.3247697353363037
1714858339052400000,3.393400146484375,9.424775123596191,3.9163153171539307,-1.525106430053711
1714858339062349800,3.403349853515625,8.471882820129395,3.9450459480285645,-0.950498104095459
1714858339072299300,3.41329931640625,7.892486095428467,4.050390720367432,-0.706289529800415
1714858339082248700,3.423248779296875,7.926004886627197,4.203619480133057,-0.7350199222564697
1714858339092198100,3.4331982421875,8.007407188415527,4.466981887817383,-0.7972691655158997
1714858339102147600,3.443147705078125,7.782352447509766,4.57232666015625,-0.9457096457481384
1714858339112097000,3.453096923828125,7.384915351867676,4.6058454513549805,-1.094150185585022
1714858339122046700,3.463046630859375,7.313088893890381,4.6920366287231445,-1.2090718746185303
1714858339131996200,3.47299609375,7.739256858825684,4.668094635009766,-1.5107412338256836
1714858339141945600,3.482945556640625,8.275558471679688,4.567538261413574,-1.6160861253738403
1714858339151895000,3.49289501953125,8.725667953491211,4.553173065185547,-1.5682021379470825
1714858339161844500,3.502844482421875,9.032125473022461,4.57232666015625,-1.4532804489135742
1714858339171794000,3.5127939453125,9.247604370117188,4.553173065185547,-1.3718775510787964
1714858339181743400,3.522743408203125,9.41519832611084,4.4957122802734375,-1.2186486721038818
1714858339191693000,3.532693115234375,9.53969669342041,4.419097900390625,-1.0845733880996704
1714858339201642500,3.542642578125,9.386467933654785,4.3855791091918945,-1.0414776802062988
1714858339211592000,3.552592041015625,9.089587211608887,4.44782829284668,-0.9552865028381348
1714858339221541400,3.562541259765625,8.69214916229248,4.529231071472168,-0.8690952062606812
1714858339231490800,3.57249072265625,8.256404876708984,4.601057052612305,-0.7876923680305481
1714858339241440300,3.582440185546875,7.734468460083008,4.711190223693848,-0.5961562395095825
1714858339251390000,3.592389892578125,7.423222541809082,4.735132217407227,-0.3998316824436188
1714858339261339400,3.60233935546875,7.667430877685547,4.8309006690979,-0.4429273009300232
1714858339271288800,3.612288818359375,8.002618789672852,4.950610637664795,-0.6344634294509888
1714858339281238300,3.62223828125,8.289923667907715,4.9601874351501465,-0.7398083209991455
1714858339291187700,3.632187744140625,8.333019256591797,4.950610637664795,-0.6631938815116882
1714858339301137200,3.64213720703125,8.31865406036377,4.897938251495361,-0.6775590777397156
1714858339311086600,3.652086669921875,8.395268440246582,4.873996257781982,-0.7015010714530945
1714858339321036300,3.662036376953125,8.5101900100708,4.873996257781982,-0.7589619159698486
1714858339330985700,3.67198583984375,8.605957984924316,4.878784656524658,-0.7829039692878723
1714858339340935200,3.68193505859375,8.60116958618164,4.8500542640686035,-0.6967126727104187
1714858339350884600,3.691884521484375,8.452729225158691,4.869207859039307,-0.5339069962501526
1714858339360834000,3.701833984375,8.31865406036377,4.8309006690979,-0.45250412821769714
1714858339370783500,3.711783447265625,8.419210433959961,4.744709014892578,-0.304063618183136
1714858339380733200,3.721733154296875,8.620323181152344,4.69682502746582,-0.16519992053508759
1714858339390682600,3.7316826171875,8.69214916229248,4.66330623626709,-0.1843535304069519
1714858339400632000,3.741632080078125,8.65863037109375,4.634575843811035,-0.26575639843940735
1714858339410581500,3.75158154296875,8.649053573608398,4.653729438781738,-0.35673606395721436
1714858339420531000,3.761531005859375,8.663418769836426,4.6920366287231445,-0.31842881441116333
1714858339430480400,3.77148046875,8.65863037109375,4.701613426208496,-0.28969839215278625
1714858339440429800,3.781429931640625,8.634688377380371,4.677671432495117,-0.2992752194404602
1714858339450379500,3.791379638671875,8.706514358520508,4.66330623626709,-0.2801215946674347
1714858339460329000,3.801328857421875,8.778340339660645,4.644152641296387,-0.2849099934101105
1714858339470278400,3.8112783203125,8.792705535888672,4.668094635009766,-0.31364041566848755
1714858339480227800,3.821227783203125,8.902838706970215,4.668094635009766,-0.3423708379268646
1714858339490177300,3.83117724609375,8.926780700683594,4.677671432495117,-0.3711012601852417
1714858339500126700,3.841126708984375,8.941145896911621,4.634575843811035,-0.395043283700943
1714858339510076400,3.851076416015625,8.974664688110352,4.639364242553711,-0.36152446269989014
1714858339520025900,3.86102587890625,8.90762710571289,4.644152641296387,-0.3471592366695404
1714858339529975300,3.870975341796875,8.677783966064453,4.634575843811035,-0.35673606395721436
1714858339539924700,3.8809248046875,8.471882820129395,4.644152641296387,-0.38067805767059326
1714858339549874200,3.890874267578125,8.371326446533203,4.706401824951172,-0.42377370595932007
1714858339559823600,3.90082373046875,8.237251281738281,4.7590742111206055,-0.4620809257030487
1714858339569773000,3.91077294921875,8.189367294311523,4.763862609863281,-0.524330198764801
1714858339579722800,3.92072265625,8.232462882995605,4.778227806091309,-0.6105214357376099
1714858339589672200,3.930672119140625,8.342596054077148,4.739920616149902,-0.7637503147125244
1714858339599621600,3.94062158203125,8.538920402526855,4.7590742111206055,-0.9600749015808105
1714858339609571000,3.950571044921875,8.639476776123047,4.802170276641846,-0.9313444495201111
1714858339619520500,3.9605205078125,8.591592788696289,4.787805080413818,-0.7350199222564697
1714858339629470000,3.970469970703125,8.53413200378418,4.768651008605957,-0.4908113479614258
1714858339639419600,3.980419677734375,8.433575630187988,4.768651008605957,-0.27054479718208313
1714858339649369000,3.990369140625,8.400056838989258,4.787805080413818,-0.17477671802043915
1714858339659318500,4.000318603515625,8.414422035217285,4.79738187789917,-0.23702596127986908
1714858339669268000,4.01026806640625,8.395268440246582,4.811747074127197,-0.3663128614425659
1714858339679217400,4.020217529296875,8.3521728515625,4.821323871612549,-0.4189853072166443
1714858339689166800,4.030166748046875,8.309077262878418,4.8309006690979,-0.4668693244457245
1714858339699116300,4.0401162109375,8.289923667907715,4.821323871612549,-0.5626373887062073
1714858339709066000,4.05006591796875,8.376114845275879,4.811747074127197,-0.586579442024231
1714858339719015400,4.060015380859375,8.486248016357422,4.787805080413818,-0.47644615173339844
1714858339728964900,4.06996484375,8.591592788696289,4.720767021179199,-0.2322375625371933
1714858339738914300,4.079914306640625,8.668207168579102,4.672883033752441,0.07422025501728058
1714858339748864000,4.089864013671875,8.71609115600586,4.66330623626709,0.2322375625371933
1714858339758813400,4.0998134765625,8.797493934631348,4.720767021179199,0.21308395266532898
1714858339768763000,4.109762939453125,8.898050308227539,4.749497413635254,0.0933738648891449
1714858339778712600,4.119712646484375,8.845377922058105,4.711190223693848,-0.0454898327589035
1714858339788662000,4.129662109375,8.754398345947266,4.687248229980469,-0.13168109953403473
1714858339798611500,4.139611572265625,8.677783966064453,4.6920366287231445,-0.21787235140800476
1714858339808561200,4.14956103515625,8.696937561035156,4.720767021179199,-0.47644615173339844
1714858339818510600,4.159510498046875,8.759186744689941,4.735132217407227,-0.6200982332229614
1714858339828460000,4.1694599609375,8.730456352233887,4.706401824951172,-0.524330198764801
1714858339838409700,4.17940966796875,8.663418769836426,4.672883033752441,-0.2992752194404602
1714858339848359200,4.189359130859375,8.668207168579102,4.658517837524414,-0.05027823522686958
1714858339858308900,4.199308837890625,8.725667953491211,4.653729438781738,-0.031124621629714966
1714858339868258300,4.20925830078125,8.768763542175293,4.653729438781738,-0.1843535304069519
1714858339878207700,4.219207763671875,8.81664752960205,4.66330623626709,-0.3471592366695404
1714858339888157400,4.229157470703125,8.854954719543457,4.69682502746582,-0.42377370595932007
1714858339898107000,4.23910693359375,8.792705535888672,4.701613426208496,-0.3902548849582672
1714858339908056300,4.249056396484375,8.74960994720459,4.687248229980469,-0.27054479718208313
1714858339918006000,4.259006103515625,8.759186744689941,4.687248229980469,-0.24660277366638184
1714858339927955500,4.26895556640625,8.754398345947266,4.6920366287231445,-0.33758243918418884
1714858339937905000,4.27890478515625,8.725667953491211,4.69682502746582,-0.4381389021873474
1714858339947854600,4.2888544921875,8.663418769836426,4.687248229980469,-0.5051765441894531
1714858339957804000,4.298803955078125,8.524555206298828,4.672883033752441,-0.524330198764801
1714858339967753500,4.30875341796875,8.438364028930664,4.668094635009766,-0.48602294921875
1714858339977703200,4.318703125,8.428787231445312,4.725555419921875,-0.4908113479614258
1714858339987652600,4.328652587890625,8.5101900100708,4.7590742111206055,-0.5626373887062073
1714858339997602300,4.338602294921875,8.596381187438965,4.783016681671143,-0.5961562395095825
1714858340007551700,4.3485517578125,8.649053573608398,4.778227806091309,-0.586579442024231
1714858340017501200,4.358501220703125,8.696937561035156,4.768651008605957,-0.5099649429321289
1714858340027451000,4.368450927734375,8.696937561035156,4.749497413635254,-0.44771572947502136
1714858340037400300,4.378400390625,8.677783966064453,4.739920616149902,-0.42856210470199585
1714858340047349800,4.388349853515625,8.62511157989502,4.739920616149902,-0.44771572947502136
1714858340057299200,4.39829931640625,8.56765079498291,4.739920616149902,-0.5195417404174805
1714858340067248600,4.40824853515625,8.486248016357422,4.768651008605957,-0.5722141861915588
1714858340077198300,4.4181982421875,8.40963363647461,4.75428581237793,-0.5961562395095825
1714858340087147800,4.428147705078125,8.457517623901367,4.730343818664551,-0.5817909836769104
1714858340097097200,4.43809716796875,8.562862396240234,4.725555419921875,-0.5386953949928284
1714858340107046700,4.448046630859375,8.696937561035156,4.725555419921875,-0.5147533416748047
1714858340116996000,4.45799609375,8.802282333374023,4.720767021179199,-0.5051765441894531
1714858340126945500,4.467945556640625,8.888473510742188,4.682459831237793,-0.49559974670410156
1714858340136895000,4.47789501953125,8.850166320800781,4.653729438781738,-0.44771572947502136
1714858340146844700,4.4878447265625,8.773551940917969,4.658517837524414,-0.395043283700943
1714858340156794000,4.497794189453125,8.65863037109375,4.677671432495117,-0.3280056416988373
1714858340166743600,4.50774365234375,8.5101900100708,4.711190223693848,-0.3471592366695404
1714858340176693000,4.51769287109375,8.452729225158691,4.725555419921875,-0.4141969084739685
1714858340186642400,4.527642333984375,8.538920402526855,4.75428581237793,-0.5003881454467773
1714858340196591900,4.537591796875,8.653841972351074,4.763862609863281,-0.5961562395095825
1714858340206541600,4.54754150390625,8.682572364807129,4.768651008605957,-0.730231523513794
1714858340216491000,4.557490966796875,8.69214916229248,4.749497413635254,-0.7637503147125244
1714858340226440400,4.5674404296875,8.615534782409668,4.730343818664551,-0.5817909836769104
1714858340236390000,4.577389892578125,8.548497200012207,4.725555419921875,-0.3711012601852417
1714858340246339300,4.58733935546875,8.53413200378418,4.706401824951172,-0.21308395266532898
1714858340256288800,4.597288818359375,8.577227592468262,4.711190223693848,-0.1843535304069519
1714858340266238200,4.60723828125,8.653841972351074,4.735132217407227,-0.24660277366638184
1714858340276188000,4.61718798828125,8.701725959777832,4.735132217407227,-0.36152446269989014
1714858340286137300,4.627137451171875,8.65863037109375,4.720767021179199,-0.49559974670410156
1714858340296086800,4.637086669921875,8.553285598754883,4.701613426208496,-0.6057330369949341
1714858340306036200,4.6470361328125,8.538920402526855,4.715978622436523,-0.5626373887062073
1714858340315985700,4.656985595703125,8.53413200378418,4.715978622436523,-0.47165772318840027
1714858340325935000,4.66693505859375,8.572439193725586,4.701613426208496,-0.4429273009300232
1714858340335884800,4.676884765625,8.629899978637695,4.6920366287231445,-0.4381389021873474
1714858340345834200,4.686834228515625,8.668207168579102,4.6920366287231445,-0.47165772318840027
1714858340355783700,4.69678369140625,8.71609115600586,4.69682502746582,-0.49559974670410156
1714858340365733000,4.706733154296875,8.792705535888672,4.682459831237793,-0.4908113479614258
1714858340375682600,4.7166826171875,8.854954719543457,4.658517837524414,-0.42856210470199585
1714858340385632000,4.726632080078125,8.845377922058105,4.653729438781738,-0.3758896589279175
1714858340395581400,4.73658154296875,8.759186744689941,4.6489410400390625,-0.3998316824436188
1714858340405531100,4.74653125,8.672995567321777,4.658517837524414,-0.5003881454467773
1714858340415480600,4.75648046875,8.629899978637695,4.668094635009766,-0.629675030708313
1714858340425430000,4.766429931640625,8.543708801269531,4.677671432495117,-0.7110779285430908
1714858340435379500,4.77637939453125,8.481459617614746,4.6920366287231445,-0.6775590777397156
1714858340445329000,4.786328857421875,8.558073997497559,4.711190223693848,-0.524330198764801
1714858340455278300,4.7962783203125,8.668207168579102,4.720767021179199,-0.40940847992897034
1714858340465228000,4.80622802734375,8.744821548461914,4.711190223693848,-0.48602294921875
1714858340475177500,4.816177490234375,8.792705535888672,4.706401824951172,-0.6153098344802856
1714858340485127000,4.826126953125,8.763975143432617,4.706401824951172,-0.6105214357376099
1714858340495076400,4.836076416015625,8.677783966064453,4.687248229980469,-0.5099649429321289
1714858340505025800,4.84602587890625,8.65863037109375,4.668094635009766,-0.4141969084739685
1714858340514975200,4.855975341796875,8.682572364807129,4.66330623626709,-0.38546648621559143
1714858340524924700,4.865924560546875,8.682572364807129,4.658517837524414,-0.43335050344467163
1714858340534874400,4.875874267578125,8.653841972351074,4.634575843811035,-0.5051765441894531
1714858340544823800,4.88582373046875,8.610746383666992,4.620210647583008,-0.5099649429321289
1714858340554773200,4.895773193359375,8.548497200012207,4.677671432495117,-0.5147533416748047
1714858340564722700,4.90572265625,8.519766807556152,4.682459831237793,-0.5434837937355042
1714858340574672100,4.915672119140625,8.538920402526855,4.658517837524414,-0.48602294921875
1714858340584621600,4.92562158203125,8.56765079498291,4.677671432495117,-0.43335050344467163
1714858340594571300,4.9355712890625,8.682572364807129,4.658517837524414,-0.42856210470199585
1714858340604520700,4.945520751953125,8.797493934631348,4.6489410400390625,-0.4381389021873474
1714858340614470100,4.95547021484375,8.835801124572754,4.66330623626709,-0.42856210470199585
1714858340624419600,4.965419677734375,8.797493934631348,4.653729438781738,-0.3998316824436188
1714858340634369000,4.975369140625,8.677783966064453,4.644152641296387,-0.43335050344467163
1714858340644318500,4.985318359375,8.596381187438965,4.6489410400390625,-0.4812345504760742
1714858340654268000,4.995267822265625,8.591592788696289,4.677671432495117,-0.49559974670410156
1714858340664217600,5.005217529296875,8.586804389953613,4.687248229980469,-0.4620809257030487
1714858340674167000,5.0151669921875,8.634688377380371,4.672883033752441,-0.44771572947502136
1714858340684116500,5.025116455078125,8.740033149719238,4.668094635009766,-0.4620809257030487
1714858340694066000,5.03506591796875,8.763975143432617,4.644152641296387,-0.4189853072166443
1714858340704015400,5.045015380859375,8.69214916229248,4.629787445068359,-0.42856210470199585
1714858340713964800,5.05496484375,8.634688377380371,4.644152641296387,-0.47644615173339844
1714858340723914200,5.064914306640625,8.653841972351074,4.672883033752441,-0.4908113479614258
1714858340733864000,5.074864013671875,8.653841972351074,4.668094635009766,-0.4812345504760742
1714858340743813400,5.0848134765625,8.65863037109375,4.658517837524414,-0.47165772318840027
1714858340753762800,5.0947626953125,8.682572364807129,4.6489410400390625,-0.45250412821769714
1714858340763712300,5.104712158203125,8.672995567321777,4.644152641296387,-0.48602294921875
1714858340773661700,5.11466162109375,8.615534782409668,4.658517837524414,-0.5195417404174805
1714858340783611100,5.124611083984375,8.577227592468262,4.69682502746582,-0.5434837937355042
1714858340793560800,5.134560791015625,8.577227592468262,4.730343818664551,-0.5578489899635315
1714858340803510300,5.14451025390625,8.56765079498291,4.730343818664551,-0.5578489899635315
1714858340813459700,5.154459716796875,8.610746383666992,4.744709014892578,-0.5770025849342346
1714858340823409200,5.1644091796875,8.682572364807129,4.744709014892578,-0.586579442024231
1714858340833358600,5.174358642578125,8.725667953491211,4.75428581237793,-0.6153098344802856
1714858340843308000,5.18430810546875,8.725667953491211,4.749497413635254,-0.6584054827690125
1714858340853257500,5.194257568359375,8.677783966064453,4.744709014892578,-0.6344634294509888
1714858340863207200,5.204207275390625,8.591592788696289,4.715978622436523,-0.5770025849342346
1714858340873156600,5.214156494140625,8.591592788696289,4.725555419921875,-0.5386953949928284
1714858340883106000,5.22410595703125,8.596381187438965,4.735132217407227,-0.524330198764801
1714858340893055500,5.234055419921875,8.649053573608398,4.739920616149902,-0.5099649429321289
1714858340903005000,5.2440048828125,8.706514358520508,4.735132217407227,-0.5147533416748047
1714858340912954400,5.253954345703125,8.71609115600586,4.706401824951172,-0.5913678407669067
1714858340922904000,5.263904052734375,8.701725959777832,4.720767021179199,-0.667982280254364
1714858340932853500,5.273853515625,8.663418769836426,4.730343818664551,-0.6488286852836609
1714858340942803000,5.283802978515625,8.62511157989502,4.75428581237793,-0.5913678407669067
1714858340952752400,5.29375244140625,8.562862396240234,4.783016681671143,-0.586579442024231
1714858340962701800,5.303701904296875,8.491036415100098,4.768651008605957,-0.6057330369949341
1714858340972651300,5.3136513671875,8.5101900100708,4.7590742111206055,-0.586579442024231
1714858340982600700,5.3236005859375,8.56765079498291,4.749497413635254,-0.5482721924781799
1714858340992550400,5.33355029296875,8.62511157989502,4.735132217407227,-0.5913678407669067
1714858341002499800,5.343499755859375,8.71609115600586,4.715978622436523,-0.6823474764823914
1714858341012449300,5.35344921875,8.787917137145996,4.711190223693848,-0.6871358752250671
1714858341022398700,5.363398681640625,8.8070707321167,4.725555419921875,-0.6344634294509888
1714858341032348200,5.37334814453125,8.763975143432617,4.744709014892578,-0.5434837937355042
1714858341042297600,5.383297607421875,8.682572364807129,4.739920616149902,-0.524330198764801
1714858341052247300,5.393247314453125,8.60116958618164,4.730343818664551,-0.5674257874488831
1714858341062196700,5.40319677734375,8.514978408813477,4.725555419921875,-0.6153098344802856
1714858341072146200,5.413146240234375,8.462306022644043,4.720767021179199,-0.6344634294509888
1714858341082095600,5.423095703125,8.467094421386719,4.701613426208496,-0.5770025849342346
1714858341092045000,5.433045166015625,8.524555206298828,4.682459831237793,-0.5099649429321289
1714858341101994500,5.442994384765625,8.610746383666992,4.6489410400390625,-0.44771572947502136
1714858341111944000,5.45294384765625,8.725667953491211,4.629787445068359,-0.43335050344467163
1714858341121893600,5.4628935546875,8.787917137145996,4.620210647583008,-0.4381389021873474
1714858341131843000,5.472843017578125,8.773551940917969,4.629787445068359,-0.4189853072166443
1714858341141792500,5.48279248046875,8.730456352233887,4.634575843811035,-0.3902548849582672
1714858341151742000,5.492741943359375,8.701725959777832,4.6489410400390625,-0.3711012601852417
1714858341161691400,5.50269140625,8.677783966064453,4.66330623626709,-0.3711012601852417
1714858341171640800,5.512640869140625,8.672995567321777,4.672883033752441,-0.3902548849582672
1714858341181590500,5.522590576171875,8.663418769836426,4.658517837524414,-0.3998316824436188
1714858341191540000,5.5325400390625,8.639476776123047,4.6489410400390625,-0.38067805767059326
1714858341201489400,5.542489501953125,8.62511157989502,4.644152641296387,-0.3471592366695404
1714858341211438800,5.55243896484375,8.644265174865723,4.653729438781738,-0.31842881441116333
1714858341221388300,5.56238818359375,8.649053573608398,4.66330623626709,-0.31364041566848755
1714858341231337700,5.572337646484375,8.605957984924316,4.66330623626709,-0.31364041566848755
1714858341241287200,5.582287109375,8.634688377380371,4.687248229980469,-0.3232172429561615
1714858341251236900,5.59223681640625,8.653841972351074,4.720767021179199,-0.38546648621559143
1714858341261186300,5.602186279296875,8.615534782409668,4.739920616149902,-0.4620809257030487
1714858341271135700,5.6121357421875,8.558073997497559,4.7590742111206055,-0.524330198764801
1714858341281085200,5.622085205078125,8.486248016357422,4.773439407348633,-0.5961562395095825
1714858341291034600,5.63203466796875,8.47667121887207,4.778227806091309,-0.6392518281936646
1714858341300984000,5.641984130859375,8.519766807556152,4.778227806091309,-0.6153098344802856
1714858341310933800,5.651933837890625,8.548497200012207,4.792593479156494,-0.5482721924781799
1714858341320883200,5.66188330078125,8.548497200012207,4.79738187789917,-0.45250412821769714
1714858341330832600,5.67183251953125,8.514978408813477,4.811747074127197,-0.3998316824436188
1714858341340782000,5.681781982421875,8.53413200378418,4.878784656524658,-0.5195417404174805
1714858341350731500,5.6917314453125,8.56765079498291,4.878784656524658,-0.6775590777397156
1714858341360681000,5.701680908203125,8.558073997497559,4.802170276641846,-0.8595184087753296
1714858341370630400,5.71163037109375,8.538920402526855,4.783016681671143,-0.8882488012313843
1714858341380580000,5.721580078125,8.505401611328125,4.859631061553955,-0.7972691655158997
1714858341390529500,5.731529541015625,8.44315242767334,4.9170918464660645,-0.7445967197418213
1714858341400479000,5.74147900390625,8.371326446533203,4.8931498527526855,-0.768538773059845
1714858341410428400,5.751428466796875,8.256404876708984,5.151723384857178,-0.5722141861915588
1714858341420377900,5.7613779296875,8.285135269165039,4.950610637664795,-0.6775590777397156
1714858341430327300,5.771327392578125,8.768763542175293,4.577115058898926,-1.161187767982483
1714858341440277000,5.781277099609375,9.103952407836914,4.639364242553711,-1.0845733880996704
1714858341450226400,5.791226318359375,9.094375610351562,4.802170276641846,-0.768538773059845
1714858341460176000,5.80117578125,8.90762710571289,4.840477466583252,-0.6536170840263367
1714858341470125300,5.811125244140625,8.69214916229248,4.749497413635254,-0.6775590777397156
1714858341480074800,5.82107470703125,8.644265174865723,4.768651008605957,-0.7829039692878723
1714858341490024200,5.831024169921875,8.620323181152344,4.79738187789917,-0.8403648138046265
1714858341499973600,5.8409736328125,8.582015991210938,4.749497413635254,-0.8834604024887085
1714858341509923300,5.85092333984375,8.548497200012207,4.725555419921875,-0.7781155705451965
1714858341519872800,5.860872802734375,8.495824813842773,4.7590742111206055,-0.6584054827690125
1714858341529822200,5.870822265625,8.47667121887207,4.735132217407227,-0.5530605912208557
1714858341539771600,5.880771728515625,8.495824813842773,4.672883033752441,-0.5051765441894531
1714858341549721000,5.89072119140625,8.50061321258545,4.639364242553711,-0.4620809257030487
1714858341559670500,5.90067041015625,8.524555206298828,4.620210647583008,-0.3998316824436188
1714858341569620000,5.910619873046875,8.615534782409668,4.6058454513549805,-0.3519476354122162
1714858341579569700,5.920569580078125,8.677783966064453,4.57232666015625,-0.3471592366695404
1714858341589519000,5.93051904296875,8.71609115600586,4.514865875244141,-0.36152446269989014
1714858341599468500,5.940468505859375,8.649053573608398,4.4957122802734375,-0.27054479718208313
1714858341609418000,5.95041796875,8.56765079498291,4.562749862670898,-0.14604631066322327
1714858341619367400,5.960367431640625,8.629899978637695,4.596268653869629,-0.1843535304069519
1714858341629316900,5.97031689453125,8.65863037109375,4.596268653869629,-0.3423708379268646
1714858341639266600,5.9802666015625,8.677783966064453,4.586691856384277,-0.5051765441894531
1714858341649216000,5.990216064453125,8.701725959777832,4.586691856384277,-0.5386953949928284
1714858341659165400,6.00016552734375,8.725667953491211,4.644152641296387,-0.6200982332229614
1714858341669115000,6.010114990234375,8.725667953491211,4.624999046325684,-0.6631938815116882
1714858341679064300,6.020064208984375,8.706514358520508,4.668094635009766,-0.5961562395095825
1714858341689013800,6.030013671875,8.735244750976562,4.75428581237793,-0.6392518281936646
1714858341698963200,6.039963134765625,8.797493934631348,4.739920616149902,-0.768538773059845
1714858341708913000,6.049912841796875,8.902838706970215,4.7590742111206055,-0.9026140570640564
1714858341718862300,6.0598623046875,8.969876289367676,4.811747074127197,-0.912190854549408
1714858341728811800,6.069811767578125,8.984241485595703,4.859631061553955,-0.9169792532920837
1714858341738761200,6.07976123046875,8.969876289367676,4.869207859039307,-0.9648633003234863
1714858341748710700,6.089710693359375,8.84058952331543,4.854842662811279,-1.0462661981582642
1714858341758660000,6.09966015625,8.677783966064453,4.902726650238037,-1.1803414821624756
1714858341768609800,6.10960986328125,8.538920402526855,4.97934103012085,-1.290474772453308
1714858341778559200,6.119559326171875,8.467094421386719,5.032013416290283,-1.5298948287963867
1714858341788508400,6.12950830078125,8.29471206665039,4.964975833892822,-1.678335428237915
1714858341798457900,6.139457763671875,8.045714378356934,4.8931498527526855,-1.577778935432434
1714858341808407300,6.1494072265625,7.887697696685791,4.88836145401001,-1.2856862545013428
1714858341818356700,6.159356689453125,7.9643120765686035,4.936245441436768,-1.0223240852355957
1714858341828306200,6.16930615234375,8.13669490814209,4.902726650238037,-0.9696516990661621
1714858341838255600,6.179255615234375,8.26119327545166,4.835689067840576,-0.8930372595787048
1714858341848205000,6.189205078125,8.371326446533203,4.8069586753845215,-0.8690952062606812
1714858341858154500,6.199154541015625,8.653841972351074,4.7590742111206055,-0.9648633003234863
1714858341868104000,6.20910400390625,8.859743118286133,4.69682502746582,-1.036689281463623
1714858341878053400,6.219053466796875,8.936357498168945,4.577115058898926,-1.0558429956436157
1714858341888002800,6.2290029296875,8.854954719543457,4.423886299133301,-0.9409212470054626
1714858341897952300,6.2389521484375,8.792705535888672,4.399944305419922,-0.6631938815116882
1714858341907901700,6.248901611328125,8.821435928344727,4.44782829284668,-0.40462008118629456
1714858341917851100,6.25885107421875,8.768763542175293,4.443039894104004,-0.3280056416988373
1714858341927800600,6.268800537109375,8.634688377380371,4.466981887817383,-0.24660277366638184
1714858341937750000,6.27875,8.634688377380371,4.490923881530762,-0.24181437492370605
1714858341947699500,6.288699462890625,8.845377922058105,4.514865875244141,-0.31842881441116333
1714858341957649000,6.29864892578125,9.02254867553711,4.562749862670898,-0.5147533416748047
1714858341967598300,6.308598388671875,8.917203903198242,4.57232666015625,-0.8403648138046265
1714858341977547500,6.318547607421875,8.639476776123047,4.414309501647949,-1.036689281463623
1714858341987497000,6.3284970703125,8.467094421386719,4.2993879318237305,-0.849941611289978
1714858341997446400,6.3384462890625,8.337807655334473,4.313753128051758,-0.45250412821769714
1714858342007395800,6.348395751953125,8.218097686767578,4.39036750793457,-0.15083470940589905
1714858342017345300,6.35834521484375,8.280346870422363,4.419097900390625,0.0454898327589035
1714858342027294700,6.368294677734375,8.447940826416016,4.438251495361328,0.09816227108240128
1714858342037244200,6.378244140625,8.553285598754883,4.443039894104004,-0.016759412363171577
1714858342047193600,6.388193603515625,8.586804389953613,4.399944305419922,-0.2801215946674347
1714858342057143000,6.39814306640625,8.668207168579102,4.352060317993164,-0.5961562395095825
1714858342067092500,6.408092529296875,8.50061321258545,4.3424835205078125,-0.8451532125473022
1714858342077042000,6.4180419921875,8.309077262878418,4.241926670074463,-0.993593692779541
1714858342086991400,6.427991455078125,8.56765079498291,4.170100688934326,-0.9313444495201111
1714858342096940800,6.43794091796875,8.974664688110352,4.203619480133057,-0.8164227604866028
1714858342106890200,6.44789013671875,9.223662376403809,4.203619480133057,-0.7541735172271729
1714858342116840000,6.45783984375,9.204508781433105,4.270657062530518,-0.5386953949928284
1714858342126789400,6.467789306640625,9.113529205322266,4.3424835205078125,-0.3758896589279175
1714858342136738800,6.47773876953125,9.156624794006348,4.313753128051758,-0.33279404044151306
1714858342146688300,6.487688232421875,9.137471199035645,4.270657062530518,-0.24181437492370605
1714858342156637700,6.4976376953125,9.080010414123535,4.347271919250488,-0.21787235140800476
1714858342166587100,6.507587158203125,8.893261909484863,4.433463096618652,-0.2944868206977844
1714858342176536800,6.517536865234375,8.514978408813477,4.57232666015625,-0.20350714027881622
1714858342186486300,6.527486328125,8.016983985900879,4.763862609863281,0.05506663769483566
1714858342196435700,6.537435791015625,7.772775650024414,5.089474201202393,0.15562310814857483
1714858342206385200,6.54738525390625,7.892486095428467,5.367201805114746,-0.2849099934101105
1714858342216334600,6.55733447265625,8.275558471679688,5.439027786254883,-0.9169792532920837
1714858342226284000,6.567283935546875,8.423998832702637,5.381567001342773,-1.0989385843276978
1714858342236233500,6.5772333984375,8.117541313171387,5.190030574798584,-0.7829039692878723
1714858342246183200,6.58718310546875,7.322665691375732,5.3145294189453125,0.27054479718208313
1714858342256132600,6.597132568359375,6.968324184417725,5.151723384857178,0.45250412821769714
1714858342266082000,6.60708203125,7.250839710235596,4.701613426208496,-0.13168109953403473
1714858342276031500,6.617031494140625,7.308300495147705,4.471770286560059,-0.48602294921875
1714858342285981000,6.62698095703125,7.222109317779541,4.519654273986816,-0.4141969084739685
1714858342295930400,6.636930419921875,7.4567413330078125,5.122992992401123,-0.30885201692581177
1714858342305880000,6.646880126953125,8.151060104370117,5.66887092590332,-0.28969839215278625
1714858342315829500,6.65682958984375,8.850166320800781,5.304952621459961,-0.9265560507774353
1714858342325779000,6.666779052734375,9.228450775146484,4.883573055267334,-1.2425906658172607
1714858342335728400,6.676728271484375,9.391256332397461,5.0032830238342285,-0.730231523513794
1714858342345677800,6.686677734375,9.63067626953125,4.581903457641602,-0.6488286852836609
1714858342355627300,6.696627197265625,9.051279067993164,4.534019470214844,-0.2082955539226532
1714858342365576700,6.70657666015625,8.337807655334473,4.735132217407227,0.2082955539226532
1714858342375526400,6.7165263671875,7.815871238708496,4.984129428863525,0.2753331959247589
1714858342385475800,6.726475830078125,7.590816497802734,5.185242176055908,-0.19871874153614044
1714858342395425300,6.73642529296875,7.432799339294434,5.45339298248291,-0.49559974670410156
1714858342405374700,6.746374755859375,7.887697696685791,5.405508995056152,-0.9074024558067322
1714858342415324200,6.75632421875,8.285135269165039,5.2714338302612305,-1.01753568649292
1714858342425273600,6.766273681640625,8.634688377380371,5.190030574798584,-0.586579442024231
1714858342435223000,6.77622314453125,9.19972038269043,5.180453777313232,-0.21308395266532898
1714858342445172700,6.7861728515625,9.659406661987305,5.065532207489014,-0.035913024097681046
1714858342455122200,6.7961220703125,9.429563522338867,4.778227806091309,-0.2513911724090576
1714858342465071600,6.806071533203125,8.926780700683594,4.682459831237793,-0.4812345504760742
1714858342475021000,6.81602099609375,8.65863037109375,4.744709014892578,-0.33279404044151306
1714858342484970500,6.825970458984375,8.888473510742188,4.88836145401001,-0.45250412821769714
1714858342494920000,6.835919921875,9.1662015914917,4.969764232635498,-0.7110779285430908
1714858342504869600,6.84586962890625,8.711302757263184,4.941033840179443,-0.9648633003234863
1714858342514819000,6.855819091796875,8.285135269165039,4.869207859039307,-1.0271124839782715
1714858342524768500,6.8657685546875,8.122329711914062,4.950610637664795,-0.7733271718025208
1714858342534718000,6.875718017578125,8.079233169555664,4.783016681671143,-0.5482721924781799
1714858342544667400,6.88566748046875,8.361749649047852,4.615422248840332,-0.6919242739677429
1714858342554616800,6.895616943359375,8.672995567321777,4.586691856384277,-0.9840168952941895
1714858342564566300,6.905566162109375,8.921992301940918,4.419097900390625,-0.9265560507774353
1714858342574516000,6.915515869140625,9.29069995880127,4.294599533081055,-0.7637503147125244
1714858342584465400,6.92546533203125,9.496601104736328,4.170100688934326,-0.3758896589279175
1714858342594414800,6.935414794921875,9.606734275817871,4.198831081390381,-0.2849099934101105
1714858342604364300,6.9453642578125,9.582792282104492,4.146158695220947,-0.2513911724090576
1714858342614313700,6.955313720703125,9.343372344970703,3.9689879417419434,-0.5003881454467773
1714858342624263200,6.96526318359375,9.103952407836914,4.079121112823486,-0.3711012601852417
1714858342634212900,6.975212890625,9.103952407836914,4.036025524139404,-0.6153098344802856
1714858342644162300,6.985162353515625,9.14225959777832,4.021660327911377,-0.36152446269989014
1714858342654111700,6.99511181640625,9.252392768859863,3.978564739227295,-0.05027823522686958
1714858342664061200,7.005061279296875,9.434351921081543,3.7918169498443604,-0.011971008032560349
1714858342674010600,7.0150107421875,9.59715747833252,3.619434356689453,-0.15562310814857483
1714858342683960000,7.0249599609375,9.496601104736328,3.729567766189575,0.07422025501728058
1714858342693909500,7.034909423828125,9.429563522338867,3.978564739227295,0.4429273009300232
1714858342703859200,7.044859130859375,9.314641952514648,4.055179119110107,0.8020575642585754
1714858342713808600,7.05480859375,9.041702270507812,4.332906723022461,1.1468225717544556
1714858342723758000,7.064758056640625,8.596381187438965,5.45339298248291,1.821987509727478
1714858342733707500,7.07470751953125,8.198944091796875,3.887584924697876,-0.4812345504760742
1714858342743657000,7.084656982421875,8.17021369934082,3.4614171981811523,-1.237802267074585
1714858342753606400,7.0946064453125,8.471882820129395,4.059967517852783,-0.43335050344467163
1714858342763556000,7.10455615234375,8.40963363647461,4.490923881530762,0.36152446269989014
1714858342773505500,7.114505615234375,8.093599319458008,4.428674697875977,0.47644615173339844
1714858342783455000,7.124455078125,8.165425300598145,4.347271919250488,0.730231523513794
1714858342793404400,7.134404296875,8.53413200378418,4.337695121765137,0.9217676520347595
1714858342803353900,7.144353759765625,8.864531517028809,4.3424835205078125,0.6440402865409851
1714858342813303300,7.15430322265625,9.05606746673584,4.2993879318237305,-0.2082955539226532
1714858342823252700,7.164252685546875,8.960299491882324,4.198831081390381,-1.1324573755264282
1714858342833202400,7.174202392578125,8.711302757263184,4.136581897735596,-1.5921441316604614
1714858342843152000,7.18415185546875,8.792705535888672,4.203619480133057,-1.5682021379470825
1714858342853101300,7.194101318359375,9.103952407836914,4.816535472869873,-1.0414776802062988
1714858342863050800,7.20405078125,9.467870712280273,5.36241340637207,0.30885201692581177
1714858342873000200,7.214000244140625,9.692925453186035,5.386355400085449,1.5538369417190552
1714858342882949600,7.22394970703125,9.606734275817871,5.094262599945068,2.43011474609375
1714858342892899300,7.2338994140625,9.47265911102295,4.941033840179443,2.7317841053009033
1714858342902848800,7.243848876953125,9.271546363830566,5.017648220062256,2.765302896499634
1714858342912798200,7.253798095703125,8.768763542175293,4.730343818664551,2.846705913543701
1714858342922747600,7.26374755859375,8.040925979614258,4.347271919250488,3.220201253890991
1714858342932697000,7.273697021484375,8.864531517028809,3.7918169498443604,3.359065055847168
1714858342942646500,7.283646484375,10.286687850952148,3.715202569961548,3.1723172664642334
1714858342952596000,7.293595947265625,11.905167579650879,4.021660327911377,1.6543933153152466
1714858342962545700,7.303545654296875,12.269086837768555,4.66330623626709,0.5530605912208557
1714858342972495000,7.3134951171875,12.384008407592773,5.075109004974365,0.1843535304069519
1714858342982444500,7.323444580078125,11.97220516204834,5.132569789886475,0.1604115068912506
1714858342992394000,7.33339404296875,10.72722053527832,5.036801815032959,0.40462008118629456
1714858343002343400,7.343343505859375,9.190143585205078,4.8500542640686035,0.6584054827690125
1714858343012292900,7.35329296875,7.767987251281738,4.8500542640686035,1.6208745241165161
1714858343022242300,7.3632421875,7.222109317779541,4.706401824951172,2.9089550971984863
1714858343032191700,7.373191650390625,6.824671745300293,4.241926670074463,3.6942532062530518
1714858343042141200,7.38314111328125,6.757634162902832,4.13179349899292,3.6942532062530518
1714858343052090600,7.393090576171875,6.829460144042969,4.198831081390381,3.1723172664642334
1714858343062040000,7.4030400390625,7.078457355499268,4.466981887817383,1.9273324012756348
1714858343071989500,7.412989501953125,7.8062944412231445,4.75428581237793,0.40940847992897034
1714858343081939000,7.42293896484375,8.768763542175293,4.9601874351501465,-1.0031704902648926
1714858343091888400,7.432888427734375,9.41519832611084,5.017648220062256,-1.721431016921997
1714858343101837800,7.442837890625,9.874884605407715,5.079897403717041,-1.8986018896102905
1714858343111787300,7.452787353515625,9.161413192749023,4.8069586753845215,-1.946485996246338
1714858343121736700,7.46273681640625,7.715314865112305,4.601057052612305,-1.8746598958969116
1714858343131686100,7.47268603515625,7.265204906463623,4.48134708404541,-1.534683346748352
1714858343141635600,7.482635498046875,7.399280548095703,4.500500679016113,-0.7972691655158997
1714858343151585000,7.4925849609375,7.399280548095703,4.783016681671143,-0.304063618183136
1714858343161534500,7.502534423828125,7.068880558013916,4.486135482788086,-0.8020575642585754
1714858343171484000,7.51248388671875,7.011419773101807,4.270657062530518,-1.3335703611373901
1714858343181433300,7.522433349609375,7.442376136779785,4.160523891448975,-1.7741034030914307
1714858343191382500,7.532382568359375,7.538144111633301,4.361637115478516,-1.4628572463989258
1714858343201332000,7.54233203125,7.68658447265625,4.4957122802734375,-0.7733271718025208
1714858343211281400,7.552281494140625,8.371326446533203,4.174889087677002,-0.8212111592292786
1714858343221230800,7.56223095703125,8.979453086853027,4.021660327911377,-0.6727706789970398
1714858343231180300,7.57218017578125,9.592369079589844,4.112639904022217,-0.42377370595932007
1714858343241129700,7.582129638671875,9.683348655700684,4.016871929168701,-0.011971008032560349
1714858343251079200,7.5920791015625,9.68813705444336,3.7678749561309814,-0.12210428714752197
1714858343261028600,7.602028564453125,9.769539833068848,4.064755916595459,-0.21308395266532898
1714858343270978000,7.61197802734375,9.099164009094238,4.160523891448975,0.08858546614646912
1714858343280927500,7.621927490234375,8.538920402526855,4.103063106536865,-0.1364694982767105
1714858343290877000,7.631876953125,8.582015991210938,4.4526166915893555,0.2849099934101105
1714858343300826400,7.641826416015625,9.05606746673584,4.280233860015869,0.5099649429321289
1714858343310775800,7.65177587890625,9.645041465759277,3.8540661334991455,-0.10773907601833344
1714858343320725200,7.661725341796875,9.898826599121094,3.7726633548736572,-0.14604631066322327
1714858343330674700,7.6716748046875,9.836577415466309,3.8492777347564697,0.15562310814857483
1714858343340624100,7.6816240234375,9.44871711730957,3.8588545322418213,0.5913678407669067
1714858343350573600,7.691573486328125,8.979453086853027,3.7199909687042236,0.6727706789970398
1714858343360523000,7.70152294921875,8.596381187438965,3.5428199768066406,0.9169792532920837
1714858343370472400,7.711472412109375,8.44315242767334,3.5667619705200195,1.6400281190872192
1714858343380422000,7.721421875,8.447940826416016,3.6529531478881836,2.0805611610412598
1714858343390371300,7.731371337890625,8.668207168579102,3.667318344116211,1.9943699836730957
1714858343400320800,7.74132080078125,8.87410831451416,3.8588545322418213,1.8411411046981812
1714858343410270200,7.751270263671875,8.912415504455566,3.9641995429992676,1.5634137392044067
1714858343420220000,7.761219970703125,8.792705535888672,3.9258923530578613,1.1803414821624756
1714858343430169300,7.77116943359375,8.696937561035156,3.9019501209259033,0.7876923680305481
1714858343440118800,7.781118896484375,8.553285598754883,4.064755916595459,0.6105214357376099
1714858343450068200,7.791068115234375,8.471882820129395,4.261080265045166,0.3711012601852417
1714858343460017700,7.801017578125,8.653841972351074,4.25629186630249,0.011971008032560349
1714858343469967000,7.810967041015625,8.797493934631348,4.270657062530518,-0.1604115068912506
1714858343479916500,7.82091650390625,8.649053573608398,4.160523891448975,-0.2082955539226532
1714858343489866200,7.8308662109375,8.491036415100098,4.016871929168701,-0.011971008032560349
1714858343499815700,7.840815673828125,8.390480041503906,4.170100688934326,0.7015010714530945
1714858343509765000,7.85076513671875,8.768763542175293,4.203619480133057,1.1516109704971313
1714858343519714600,7.860714599609375,9.44871711730957,4.059967517852783,1.1659762859344482
1714858343529664000,7.8706640625,10.004171371459961,3.9641995429992676,0.9648633003234863
1714858343539613400,7.880613525390625,10.166977882385254,4.122216701507568,0.8882488012313843
1714858343549563100,7.890563232421875,10.02811336517334,4.16531229019165,0.42856210470199585
1714858343559512600,7.9005126953125,9.59715747833252,4.093486309051514,-0.2753331959247589
1714858343569462000,7.9104619140625,8.917203903198242,4.332906723022461,-0.4572925269603729
1714858343579411500,7.920411376953125,8.122329711914062,4.529231071472168,-0.5003881454467773
1714858343589361000,7.93036083984375,7.50462532043457,4.6058454513549805,-0.6440402865409851
1714858343599310300,7.940310302734375,7.260416507720947,4.677671432495117,-0.7781155705451965
1714858343609259800,7.950259765625,7.260416507720947,4.75428581237793,-0.8738836050033569
1714858343619209500,7.96020947265625,7.418434143066406,4.7590742111206055,-0.8690952062606812
1714858343629159000,7.970158935546875,7.59560489654541,4.682459831237793,-0.7829039692878723
1714858343639108400,7.9801083984375,7.758410453796387,4.610633850097656,-0.5147533416748047
1714858343649057800,7.990057861328125,8.031349182128906,4.476558685302734,-0.16519992053508759
1714858343659007200,8.00000732421875,8.328230857849121,4.371213912963867,0.22266076505184174
1714858343668956700,8.009956787109376,8.53413200378418,4.270657062530518,0.6057330369949341
1714858343678906400,8.01990625,8.682572364807129,4.1844658851623535,0.7781155705451965
1714858343688855800,8.029855712890624,8.84058952331543,4.150947093963623,0.5195417404174805
1714858343698805200,8.03980517578125,8.8070707321167,4.232349872589111,-0.05506663769483566
1714858343708754700,8.049754638671875,8.668207168579102,4.3424835205078125,-0.5578489899635315
1714858343718704000,8.0597041015625,8.486248016357422,4.419097900390625,-0.7589619159698486
1714858343728653600,8.069653564453125,8.270770072937012,4.471770286560059,-0.7493851184844971
1714858343738603000,8.07960302734375,8.069656372070312,4.476558685302734,-0.6488286852836609
1714858343748552700,8.089552734375,8.074444770812988,4.443039894104004,-0.5147533416748047
1714858343758502100,8.099502197265625,8.184578895568848,4.414309501647949,-0.28969839215278625
1714858343768451600,8.10945166015625,8.428787231445312,4.399944305419922,0.016759412363171577
1714858343778401000,8.119401123046876,8.787917137145996,4.395155906677246,0.24181437492370605
1714858343788350500,8.1293505859375,9.012971878051758,4.361637115478516,0.24660277366638184
1714858343798300000,8.1392998046875,9.123106002807617,4.323329925537109,0.07900865375995636
1714858343808249300,8.149249267578124,9.1662015914917,4.337695121765137,0.0071826050989329815
1714858343818199000,8.159198974609374,9.185355186462402,4.433463096618652,-0.0071826050989329815
1714858343828148500,8.1691484375,9.17577838897705,4.596268653869629,0.0933738648891449
1714858343838098000,8.179097900390625,9.017760276794434,4.7590742111206055,0.1364694982767105
1714858343848047400,8.18904736328125,8.90762710571289,4.883573055267334,-0.0933738648891449
1714858343857996800,8.198996826171875,8.93156909942627,4.912303447723389,-0.6057330369949341
1714858343867946200,8.2089462890625,8.835801124572754,4.897938251495361,-1.0654197931289673
1714858343877896000,8.21889599609375,8.524555206298828,4.763862609863281,-1.2617442607879639
1714858343887845400,8.228845458984376,8.189367294311523,4.706401824951172,-1.1994950771331787
1714858343897794800,8.238794921875,8.016983985900879,4.926668643951416,-0.7924807667732239
1714858343907744300,8.248744140625,7.863755702972412,5.261856555938721,-0.1843535304069519
1714858343917693700,8.258693603515624,8.098387718200684,5.573102951049805,0.2992752194404602
1714858343927643100,8.26864306640625,8.610746383666992,5.683236122131348,0.27054479718208313
1714858343937592600,8.278592529296875,9.060855865478516,5.630563735961914,0.031124621629714966
1714858343947542300,8.288542236328125,9.314641952514648,5.400720596313477,-0.14604631066322327
1714858343957491700,8.29849169921875,9.319430351257324,5.19481897354126,-0.2753331959247589
1714858343967441200,8.308441162109375,9.099164009094238,5.185242176055908,-0.3471592366695404
1714858343977390600,8.318390625,8.869319915771484,5.2714338302612305,-0.38546648621559143
1714858343987340000,8.328340087890625,8.759186744689941,5.352836608886719,-0.5339069962501526
1714858343997289500,8.33828955078125,8.682572364807129,5.434239387512207,-0.8690952062606812
1714858344007239200,8.3482392578125,8.486248016357422,5.439027786254883,-1.0989385843276978
1714858344017188600,8.358188720703126,8.112752914428711,5.324106216430664,-1.0797849893569946
1714858344027138000,8.368137939453124,8.299500465393066,5.122992992401123,-0.9313444495201111
1714858344037087500,8.37808740234375,8.53413200378418,5.118204593658447,-0.849941611289978
1714858344047037000,8.388036865234374,8.898050308227539,5.209184169769287,-0.6440402865409851
1714858344056986400,8.397986328125,9.247604370117188,5.142146587371826,-0.4189853072166443
1714858344066935800,8.407935791015625,9.242815971374512,4.931457042694092,-0.3280056416988373
1714858344076885500,8.417885498046875,8.960299491882324,4.816535472869873,-0.3423708379268646
1714858344086835000,8.4278349609375,8.543708801269531,4.878784656524658,-0.48602294921875
1714858344096784400,8.437784423828125,8.246828079223633,4.883573055267334,-0.7254431247711182
1714858344106733800,8.44773388671875,8.098387718200684,4.787805080413818,-0.7972691655158997
1714858344116683300,8.457683349609376,8.088809967041016,4.739920616149902,-0.6919242739677429
1714858344126632700,8.4676328125,8.02656078338623,4.75428581237793,-0.5434837937355042
1714858344136582100,8.47758203125,7.8781208992004395,4.658517837524414,-0.38067805767059326
1714858344146531300,8.48753125,7.791929244995117,4.581903457641602,-0.17956513166427612
1714858344156480800,8.497480712890624,7.739256858825684,4.557961463928223,-0.17956513166427612
1714858344166430200,8.50743017578125,7.849390506744385,4.476558685302734,-0.2513911724090576
1714858344176379600,8.517379638671875,8.107964515686035,4.318541526794434,-0.18914192914962769
1714858344186329000,8.5273291015625,8.313865661621094,4.203619480133057,-0.19393034279346466
1714858344196278500,8.537278564453125,8.543708801269531,4.088697910308838,-0.24181437492370605
1714858344206228000,8.54722802734375,8.893261909484863,3.9498343467712402,-0.3902548849582672
1714858344216177400,8.557177490234375,9.338583946228027,3.8301241397857666,-0.7350199222564697
1714858344226126800,8.567126953125,9.50617790222168,3.6960489749908447,-1.0319008827209473
1714858344236076300,8.577076171875,9.57321548461914,3.514089584350586,-1.1516109704971313
1714858344246025700,8.587025634765626,9.659406661987305,3.336918592453003,-1.1324573755264282
1714858344255975200,8.59697509765625,9.654618263244629,3.2603042125701904,-0.993593692779541
1714858344265924600,8.606924560546876,9.57321548461914,3.2603042125701904,-0.7350199222564697
1714858344275874000,8.6168740234375,9.510966300964355,3.3081881999969482,-0.42377370595932007
1714858344285823500,8.626823486328124,9.563638687133789,3.3417069911956787,-0.1173158809542656
1714858344295773000,8.63677294921875,9.601945877075195,3.3895909786224365,0.16998831927776337
1714858344305722400,8.646722412109375,9.57321548461914,3.418321371078491,0.3663128614425659
1714858344315671800,8.656671875,9.333795547485352,3.494935989379883,0.2753331959247589
1714858344325621200,8.666621337890625,9.132682800292969,3.648164749145508,-0.13168109953403473
1714858344335570700,8.67657080078125,9.060855865478516,3.686472177505493,-0.5530605912208557
1714858344345519900,8.686519775390625,8.917203903198242,3.624222755432129,-0.7876923680305481
1714858344355469300,8.69646923828125,8.649053573608398,3.5476083755493164,-0.7589619159698486
1714858344365418800,8.706418701171875,8.457517623901367,3.4997243881225586,-0.5530605912208557
1714858344375368200,8.7163681640625,8.486248016357422,3.533243179321289,-0.3280056416988373
1714858344385317600,8.726317626953126,8.653841972351074,3.5859155654907227,-0.05506663769483566
1714858344395267000,8.73626708984375,8.878896713256836,3.6290111541748047,0.31364041566848755
1714858344405216500,8.746216552734374,9.156624794006348,3.710414171218872,0.47644615173339844
1714858344415166000,8.756166015625,9.41519832611084,3.820547342300415,0.395043283700943
1714858344425115400,8.766115478515625,9.563638687133789,3.868431329727173,0.13168109953403473
1714858344435064800,8.77606494140625,9.558850288391113,3.8492777347564697,-0.31842881441116333
1714858344445014300,8.78601416015625,9.487024307250977,3.777451753616333,-0.8690952062606812
1714858344454963700,8.795963623046875,9.32421875,3.734356164932251,-1.3335703611373901
1714858344464913200,8.8059130859375,9.123106002807617,3.691260576248169,-1.5490485429763794
1714858344474862600,8.815862548828125,8.960299491882324,3.6337995529174805,-1.5203180313110352
1714858344484812000,8.82581201171875,9.103952407836914,3.605069160461426,-1.3718775510787964
1714858344494761500,8.835761474609376,9.501389503479004,3.619434356689453,-1.1994950771331787
1714858344504711000,8.8457109375,9.860519409179688,3.6290111541748047,-0.9792284965515137
1714858344514660400,8.855660400390626,10.056844711303711,3.4853591918945312,-0.6967126727104187
1714858344524610000,8.865610107421874,10.157401084899902,3.207631826400757,-0.4429273009300232
1714858344534559500,8.8755595703125,10.200496673583984,2.9490580558776855,-0.30885201692581177
1714858344544509000,8.885509033203125,10.123882293701172,2.7910406589508057,-0.2561795711517334
1714858344554458400,8.895458251953125,9.941922187805176,2.757521867752075,-0.21787235140800476
1714858344564407800,8.90540771484375,9.831789016723633,2.781463861465454,-0.17477671802043915
1714858344574357200,8.915357177734375,9.898826599121094,2.7910406589508057,-0.09816227108240128
1714858344584306700,8.925306640625,9.9371337890625,2.7910406589508057,-0.05985504388809204
1714858344594256400,8.93525634765625,9.908403396606445,2.7766754627227783,-0.0454898327589035
1714858344604205800,8.945205810546875,9.87967300415039,2.738368272781372,-0.0694318488240242
1714858344614155300,8.9551552734375,9.932345390319824,2.714426279067993,-0.0454898327589035
1714858344624104700,8.965104736328126,9.865307807922363,2.7527334690093994,-0.031124621629714966
1714858344634054100,8.97505419921875,9.601945877075195,2.7910406589508057,0.011971008032560349
1714858344644003600,8.985003662109374,9.338583946228027,2.8006174564361572,0.0071826050989329815
1714858344653953300,8.994953369140624,9.214085578918457,2.8341362476348877,0.026336219161748886
1714858344663902700,9.00490283203125,9.26675796508789,2.8628666400909424,0.16519992053508759
1714858344673852200,9.01485205078125,9.352949142456055,2.9442696571350098,0.23702596127986908
1714858344683801600,9.024801513671875,9.439140319824219,2.9777884483337402,0.07900865375995636
1714858344693751000,9.0347509765625,9.487024307250977,2.982576847076416,-0.13168109953403473
1714858344703700500,9.044700439453125,9.305065155029297,3.0783448219299316,-0.0694318488240242
1714858344713650000,9.05464990234375,9.194931983947754,3.1214404106140137,-0.040701430290937424
1714858344723599600,9.064599609375,9.190143585205078,3.221997022628784,0.035913024097681046
1714858344733549000,9.074549072265626,9.295488357543945,3.3656489849090576,0.0933738648891449
1714858344743498500,9.08449853515625,9.434351921081543,3.336918592453003,0.20350714027881622
1714858344753448000,9.094447998046874,9.362525939941406,3.22678542137146,0.2944868206977844
1714858344763397400,9.1043974609375,9.247604370117188,3.1980550289154053,0.35673606395721436
1714858344773346800,9.114346923828125,9.1662015914917,3.1501708030700684,0.26575639843940735
1714858344783296500,9.124296630859375,9.14225959777832,3.0113072395324707,-0.002394201699644327
1714858344793246000,9.134245849609375,8.99860668182373,3.1501708030700684,0.07900865375995636
1714858344803195400,9.1441953125,9.065644264221191,3.447052001953125,0.0933738648891449
1714858344813144800,9.154144775390625,9.252392768859863,3.6529531478881836,0.12210428714752197
1714858344823094300,9.16409423828125,9.424775123596191,3.60028076171875,0.0694318488240242
1714858344833043700,9.174043701171875,9.568427085876465,3.3704373836517334,-0.08858546614646912
1714858344842993200,9.1839931640625,9.587580680847168,3.1501708030700684,-0.21308395266532898
1714858344852942800,9.19394287109375,9.525331497192383,3.06876802444458,-0.23702596127986908
1714858344862892300,9.203892333984374,9.568427085876465,3.135805606842041,-0.20350714027881622
1714858344872841700,9.213841796875,9.625887870788574,3.2794578075408936,-0.08858546614646912
1714858344882791200,9.223791259765624,9.467870712280273,3.418321371078491,-0.011971008032560349
1714858344892740600,9.23374072265625,9.156624794006348,3.4566287994384766,0.011971008032560349
1714858344902690000,9.24368994140625,8.831012725830078,3.4566287994384766,0.021547814831137657
1714858344912639700,9.2536396484375,8.634688377380371,3.4566287994384766,0.016759412363171577
1714858344922589200,9.263589111328125,8.60116958618164,3.5188779830932617,0.0071826050989329815
1714858344932538600,9.27353857421875,8.71609115600586,3.581127166748047,0.021547814831137657
1714858344942488000,9.283488037109375,8.878896713256836,3.514089584350586,0.06464344263076782
1714858344952437500,9.2934375,8.945934295654297,3.22678542137146,0.021547814831137657
1714858344962387000,9.303386962890626,9.027337074279785,3.0639796257019043,0.1412578970193863
1714858344972336400,9.31333642578125,9.276334762573242,3.2172086238861084,0.48602294921875
1714858344982286000,9.3232861328125,9.635464668273926,3.418321371078491,0.6200982332229614
1714858344992235500,9.333235595703124,9.621099472045898,3.470993995666504,0.4620809257030487
1714858345002185000,9.34318505859375,9.338583946228027,3.3848025798797607,0.15083470940589905
1714858345012134400,9.353134521484375,9.099164009094238,3.2746694087982178,-0.05985504388809204
1714858345022083800,9.363083740234375,8.993818283081055,3.2986114025115967,-0.07900865375995636
1714858345032033300,9.373033203125,9.003395080566406,3.403956174850464,0.05985504388809204
1714858345041983000,9.38298291015625,8.989029884338379,3.490147590637207,0.24660277366638184
1714858345051932400,9.392932373046875,8.984241485595703,3.466205596923828,0.42856210470199585
1714858345061881900,9.4028818359375,8.989029884338379,3.403956174850464,0.5482721924781799
1714858345071831300,9.412831298828126,9.103952407836914,3.312976598739624,0.5386953949928284
1714858345081780700,9.42278076171875,9.26675796508789,3.207631826400757,0.4620809257030487
1714858345091730200,9.432730224609376,9.491812705993652,3.221997022628784,0.40462008118629456
1714858345101679600,9.4426796875,9.750386238098145,3.250727415084839,0.47165772318840027
1714858345111629000,9.452629150390624,9.63067626953125,3.289034605026245,0.4812345504760742
1714858345121578500,9.46257861328125,9.391256332397461,3.2842462062835693,0.40462008118629456
1714858345131528000,9.47252783203125,9.257181167602539,3.2363622188568115,0.35673606395721436
1714858345141477400,9.482477294921875,9.190143585205078,3.2172086238861084,0.38546648621559143
1714858345151426800,9.4924267578125,9.156624794006348,3.2842462062835693,0.3902548849582672
1714858345161376300,9.502376220703125,9.26675796508789,3.3943793773651123,0.33758243918418884
1714858345171325700,9.51232568359375,9.491812705993652,3.3943793773651123,0.38546648621559143
1714858345181275100,9.522275146484375,9.601945877075195,3.3177649974823,0.45250412821769714
1714858345191224600,9.532224609375,9.621099472045898,3.221997022628784,0.524330198764801
1714858345201174000,9.542174072265626,9.635464668273926,3.1693243980407715,0.6200982332229614
1714858345211123500,9.55212353515625,9.554061889648438,3.2315738201141357,0.6488286852836609
1714858345221073000,9.562072998046874,9.44871711730957,3.3895909786224365,0.6392518281936646
1714858345231022300,9.572022216796874,9.295488357543945,3.5428199768066406,0.40940847992897034
1714858345240971800,9.5819716796875,9.180566787719727,3.576338768005371,0.1604115068912506
1714858345250921200,9.591921142578125,9.137471199035645,3.490147590637207,0.05027823522686958
1714858345260870700,9.60187060546875,9.170989990234375,3.3943793773651123,0.10295066982507706
1714858345270820000,9.611820068359375,9.319430351257324,3.356072187423706,0.24660277366638184
1714858345280769500,9.62176953125,9.443928718566895,3.375225782394409,0.3758896589279175
1714858345290718700,9.63171875,9.467870712280273,3.403956174850464,0.3711012601852417
1714858345300668200,9.641668212890625,9.44871711730957,3.4087445735931396,0.22266076505184174
1714858345310617600,9.65161767578125,9.391256332397461,3.5284547805786133,-0.040701430290937424
1714858345320567000,9.661567138671876,9.070432662963867,3.5045127868652344,-0.3711012601852417
1714858345330516500,9.6715166015625,8.495824813842773,3.3177649974823,-0.8978256583213806
1714858345340466000,9.6814658203125,7.753622055053711,3.5715503692626953,-0.7972691655158997
1714858345350415400,9.691415283203124,7.657854080200195,3.8492777347564697,-0.49559974670410156
1714858345360364800,9.70136474609375,7.897274494171143,3.930680751800537,-0.22744916379451752
1714858345370314200,9.711314208984374,8.347384452819824,3.8301241397857666,-0.0454898327589035
1714858345380263700,9.721263671875,9.147047996520996,3.686472177505493,-0.0071826050989329815
1714858345390213000,9.731213134765625,9.90361499786377,3.648164749145508,-0.021547814831137657
1714858345400162600,9.74116259765625,10.2962646484375,3.5428199768066406,-0.021547814831137657
1714858345410112000,9.751112060546875,10.143035888671875,3.4087445735931396,-0.23702596127986908
1714858345420061400,9.7610615234375,9.783905029296875,3.356072187423706,-0.45250412821769714
1714858345430011000,9.771010986328125,9.372102737426758,3.2411506175994873,-0.6105214357376099
1714858345439960300,9.780960205078125,8.989029884338379,3.2746694087982178,-0.9840168952941895
1714858345449909800,9.79090966796875,8.792705535888672,3.60028076171875,-0.7445967197418213
1714858345459859200,9.800859130859376,8.902838706970215,3.8349125385284424,-0.395043283700943
1714858345469808600,9.81080859375,9.07522201538086,3.710414171218872,-0.23702596127986908
1714858345479758000,9.820758056640624,9.10874080657959,3.336918592453003,-0.3902548849582672
1714858345489707300,9.830707275390624,9.123106002807617,3.049614429473877,-0.5003881454467773
1714858345499656700,9.84065673828125,9.185355186462402,3.0352492332458496,-0.42377370595932007
1714858345509606100,9.850606201171875,9.23323917388916,3.183689594268799,-0.3280056416988373
1714858345519555800,9.860555908203125,9.19972038269043,3.250727415084839,-0.40940847992897034
1714858345529505300,9.87050537109375,9.060855865478516,3.22678542137146,-0.629675030708313
1714858345539454700,9.880454833984375,8.8070707321167,3.2411506175994873,-0.8020575642585754
1714858345549404200,9.890404052734375,8.538920402526855,3.1453824043273926,-0.7589619159698486
1714858345559353600,9.900353515625,8.481459617614746,3.092710018157959,-1.0127472877502441
1714858345569303000,9.910302978515626,8.701725959777832,3.533243179321289,-0.9600749015808105
1714858345579252500,9.92025244140625,9.099164009094238,3.7630865573883057,-0.768538773059845
1714858345589202200,9.9302021484375,9.257181167602539,3.466205596923828,-0.9026140570640564
1714858345599151600,9.940151611328124,9.247604370117188,3.025672435760498,-0.9744400978088379
1714858345609101000,9.95010107421875,9.405621528625488,2.8149826526641846,-0.629675030708313
1714858345619050500,9.960050537109375,9.558850288391113,2.829347848892212,-0.1843535304069519
1714858345629000000,9.97,9.50617790222168,2.7958290576934814,-0.016759412363171577
1714858345638949400,9.979949462890625,9.477447509765625,2.7766754627227783,-0.08858546614646912
1714858345648899000,9.989899169921875,9.305065155029297,2.7958290576934814,-0.3711012601852417
1714858345658848500,9.9998486328125,9.257181167602539,2.8149826526641846,-0.5913678407669067
1714858345668798000,10.0097978515625,9.305065155029297,2.7766754627227783,-0.5578489899635315
1714858345678747400,10.019747314453125,9.38167953491211,2.7527334690093994,-0.47165772318840027
1714858345688696800,10.02969677734375,9.434351921081543,2.757521867752075,-0.38546648621559143
1714858345698646300,10.039646240234376,9.53969669342041,2.7766754627227783,-0.38546648621559143
1714858345708595700,10.049595703125,9.606734275817871,2.7670986652374268,-0.5339069962501526
1714858345718545400,10.05954541015625,9.712079048156738,2.695272445678711,-0.7158663272857666
1714858345728494800,10.069494873046875,9.97065258026123,2.604292869567871,-0.7924807667732239
1714858345738444300,10.0794443359375,10.267534255981445,2.5085248947143555,-0.8451532125473022
1714858345748393700,10.089393798828125,10.516530990600586,2.4414870738983154,-0.8690952062606812
1714858345758343200,10.09934326171875,10.540472984313965,2.360084295272827,-0.8212111592292786
1714858345768292600,10.109292724609375,10.406397819519043,2.3122003078460693,-0.6919242739677429
1714858345778242300,10.1192421875,10.190919876098633,2.321777105331421,-0.6105214357376099
1714858345788191700,10.129191650390625,9.817423820495605,2.403179883956909,-0.7158663272857666
